16.7,4.87141,0.0,18.1,0.0,0.614,6.484,93.6,2.3053,24.0,666.0,20.2,396.21,18.68
13.8,2.37934,0.0,19.58,0.0,0.871,6.13,100.0,1.4191,5.0,403.0,14.7,172.91,27.8
20.1,0.11132,0.0,27.74,0.0,0.609,5.983,83.5,2.1099,4.0,711.0,20.1,396.9,13.35
16.1,2.63548,0.0,9.9,0.0,0.544,4.973,37.8,2.5194,4.0,304.0,18.4,350.45,12.64
21.7,3.8497,0.0,18.1,1.0,0.77,6.395,91.0,2.5052,24.0,666.0,20.2,391.34,13.27
23.8,2.3004,0.0,19.58,0.0,0.605,6.319,96.1,2.1,5.0,403.0,14.7,297.09,11.1
18.2,0.63796,0.0,8.14,0.0,0.538,6.096,84.5,4.4619,4.0,307.0,21.0,380.02,10.26
17.8,8.98296,0.0,18.1,1.0,0.77,6.212,97.4,2.1222,24.0,666.0,20.2,377.73,17.6
13.5,8.20058,0.0,18.1,0.0,0.713,5.936,80.3,2.7792,24.0,666.0,20.2,3.5,16.94
22.2,0.1029,30.0,4.93,0.0,0.428,6.358,52.9,7.0355,6.0,300.0,16.6,372.75,11.22
7.0,45.7461,0.0,18.1,0.0,0.693,4.519,100.0,1.6582,24.0,666.0,20.2,88.27,36.98
16.7,11.0874,0.0,18.1,0.0,0.718,6.411,100.0,1.8589,24.0,666.0,20.2,318.75,15.02
21.7,0.10793,0.0,8.56,0.0,0.52,6.195,54.4,2.7778,5.0,384.0,20.9,393.49,13.0
24.4,0.1403,22.0,5.86,0.0,0.431,6.487,13.0,7.3967,7.0,330.0,19.1,396.28,5.9
20.1,13.0751,0.0,18.1,0.0,0.58,5.713,56.7,2.8237,24.0,666.0,20.2,396.9,14.76
24.7,0.15936,0.0,6.91,0.0,0.448,6.211,6.5,5.7209,3.0,233.0,17.9,394.46,7.44
19.6,0.85204,0.0,8.14,0.0,0.538,5.965,89.2,4.0123,4.0,307.0,21.0,392.53,13.83
36.2,0.06905,0.0,2.18,0.0,0.458,7.147,54.2,6.0622,3.0,222.0,18.7,396.9,5.33
24.7,0.17505,0.0,5.96,0.0,0.499,5.966,30.2,3.8473,5.0,279.0,19.2,393.43,10.13
18.2,0.04301,80.0,1.91,0.0,0.413,5.663,21.9,10.5857,4.0,334.0,22.0,382.8,8.05
12.0,15.0234,0.0,18.1,0.0,0.614,5.304,97.3,2.1007,24.0,666.0,20.2,349.48,24.91
15.4,2.73397,0.0,19.58,0.0,0.871,5.597,94.9,1.5257,5.0,403.0,14.7,351.85,21.45
13.2,1.38799,0.0,8.14,0.0,0.538,5.95,82.0,3.99,4.0,307.0,21.0,232.6,27.71
18.4,0.32982,0.0,21.89,0.0,0.624,5.822,95.4,2.4699,4.0,437.0,21.2,388.69,15.03
33.3,0.04011,80.0,1.52,0.0,0.404,7.287,34.1,7.309,2.0,329.0,12.6,396.9,4.08
22.6,0.08447,0.0,4.05,0.0,0.51,5.859,68.7,2.7019,5.0,296.0,16.6,393.23,9.64
14.1,4.75237,0.0,18.1,0.0,0.713,6.525,86.5,2.4358,24.0,666.0,20.2,50.92,18.13
22.5,0.05188,0.0,4.49,0.0,0.449,6.015,45.1,4.4272,3.0,247.0,18.5,395.99,12.86
50.0,0.52693,0.0,6.2,0.0,0.504,8.725,83.0,2.8944,8.0,307.0,17.4,382.0,4.63
14.1,9.32909,0.0,18.1,0.0,0.713,6.185,98.7,2.2616,24.0,666.0,20.2,396.9,18.13
33.8,0.54011,20.0,3.97,0.0,0.647,7.203,81.8,2.1121,5.0,264.0,13.0,392.8,9.59
19.3,0.14476,0.0,10.01,0.0,0.547,5.731,65.2,2.7592,6.0,432.0,17.8,391.5,13.61
19.3,0.37578,0.0,10.59,1.0,0.489,5.404,88.6,3.665,4.0,277.0,18.6,395.24,23.98
23.0,0.59005,0.0,21.89,0.0,0.624,6.372,97.9,2.3274,4.0,437.0,21.2,385.76,11.12
21.9,3.47428,0.0,18.1,1.0,0.718,8.78,82.9,1.9047,24.0,666.0,20.2,354.55,5.29
20.4,0.13117,0.0,8.56,0.0,0.52,6.127,85.2,2.1224,5.0,384.0,20.9,387.69,14.09
10.2,17.8667,0.0,18.1,0.0,0.671,6.223,100.0,1.3861,24.0,666.0,20.2,393.74,21.78
21.4,14.3337,0.0,18.1,0.0,0.614,6.229,88.0,1.9512,24.0,666.0,20.2,383.32,13.11
43.8,0.08187,0.0,2.89,0.0,0.445,7.82,36.9,3.4952,2.0,276.0,18.0,393.53,3.57
26.7,0.35809,0.0,6.2,1.0,0.507,6.951,88.5,2.8617,8.0,307.0,17.4,391.7,9.71
18.3,0.26838,0.0,9.69,0.0,0.585,5.794,70.6,2.8927,6.0,391.0,19.2,396.9,14.1
19.9,3.1636,0.0,18.1,0.0,0.655,5.759,48.2,3.0665,24.0,666.0,20.2,334.4,14.13
22.9,0.04203,28.0,15.04,0.0,0.464,6.442,53.6,3.6659,4.0,270.0,18.2,395.01,8.16
13.9,0.84054,0.0,8.14,0.0,0.538,5.599,85.7,4.4546,4.0,307.0,21.0,303.42,16.51
16.2,0.25356,0.0,9.9,0.0,0.544,5.705,77.7,3.945,4.0,304.0,18.4,396.42,11.5
22.1,0.79041,0.0,9.9,0.0,0.544,6.122,52.8,2.6403,4.0,304.0,18.4,396.9,5.98
13.4,7.05042,0.0,18.1,0.0,0.614,6.103,85.1,2.0218,24.0,666.0,20.2,2.52,23.29
20.3,0.14103,0.0,13.92,0.0,0.437,5.79,58.0,6.32,4.0,289.0,16.0,396.9,15.84
24.5,0.27957,0.0,9.69,0.0,0.585,5.926,42.6,2.3817,6.0,391.0,19.2,396.9,13.59
33.4,0.03237,0.0,2.18,0.0,0.458,6.998,45.8,6.0622,3.0,222.0,18.7,394.63,2.94
13.5,1.61282,0.0,8.14,0.0,0.538,6.096,96.9,3.7598,4.0,307.0,21.0,248.31,20.34
36.1,0.05515,33.0,2.18,0.0,0.472,7.236,41.1,4.022,7.0,222.0,18.4,393.68,6.93
17.1,0.05023,35.0,6.06,0.0,0.4379,5.706,28.4,6.6407,1.0,304.0,16.9,394.02,12.43
21.1,0.03961,0.0,5.19,0.0,0.515,6.037,34.5,5.9853,5.0,224.0,20.2,396.9,8.01
15.4,9.96654,0.0,18.1,0.0,0.74,6.485,100.0,1.9784,24.0,666.0,20.2,386.73,18.85
17.8,0.31827,0.0,9.9,0.0,0.544,5.914,83.2,3.9986,4.0,304.0,18.4,390.7,18.33
16.0,0.17171,25.0,5.13,0.0,0.453,5.966,93.4,6.8185,8.0,284.0,19.7,378.08,14.44
28.2,0.04932,33.0,2.18,0.0,0.472,6.849,70.3,3.1827,7.0,222.0,18.4,396.9,7.53
17.4,1.20742,0.0,19.58,0.0,0.605,5.875,94.6,2.4259,5.0,403.0,14.7,292.29,14.43
19.9,4.34879,0.0,18.1,0.0,0.58,6.167,84.0,3.0334,24.0,666.0,20.2,396.9,16.29
22.5,0.25199,0.0,10.59,0.0,0.489,5.783,72.7,4.3549,4.0,277.0,18.6,389.43,18.06
22.8,0.10084,0.0,10.01,0.0,0.547,6.715,81.6,2.6775,6.0,432.0,17.8,395.59,10.16
23.0,5.82401,0.0,18.1,0.0,0.532,6.242,64.7,3.4242,24.0,666.0,20.2,396.9,10.74
15.7,0.38735,0.0,25.65,0.0,0.581,5.613,95.6,1.7572,2.0,188.0,19.1,359.29,27.26
23.9,0.06076,0.0,11.93,0.0,0.573,6.976,91.0,2.1675,1.0,273.0,21.0,396.9,5.64
18.0,0.32543,0.0,21.89,0.0,0.624,6.431,98.8,1.8125,4.0,437.0,21.2,396.9,15.39
15.6,2.15505,0.0,19.58,0.0,0.871,5.628,100.0,1.5166,5.0,403.0,14.7,169.27,16.65
41.3,1.22358,0.0,19.58,0.0,0.605,6.943,97.4,1.8773,5.0,403.0,14.7,363.43,4.59
27.1,0.14455,12.5,7.87,0.0,0.524,6.172,96.1,5.9505,5.0,311.0,15.2,396.9,19.15
28.4,0.05479,33.0,2.18,0.0,0.472,6.616,58.1,3.37,7.0,222.0,18.4,393.36,8.93
16.5,0.02498,0.0,1.89,0.0,0.518,6.54,59.7,6.2669,1.0,422.0,15.9,389.96,8.65
20.1,0.1396,0.0,8.56,0.0,0.52,6.167,90.0,2.421,5.0,384.0,20.9,392.69,12.33
18.2,0.7258,0.0,8.14,0.0,0.538,5.727,69.5,3.7965,4.0,307.0,21.0,390.95,11.28
23.2,0.03871,52.5,5.32,0.0,0.405,6.209,31.3,7.3172,6.0,293.0,16.6,396.9,7.14
28.7,0.07013,0.0,13.89,0.0,0.55,6.642,85.1,3.4211,5.0,276.0,16.4,392.78,9.69
19.0,3.77498,0.0,18.1,0.0,0.655,5.952,84.7,2.8715,24.0,666.0,20.2,22.01,17.15
16.3,28.6558,0.0,18.1,0.0,0.597,5.155,100.0,1.5894,24.0,666.0,20.2,210.97,20.08
17.5,0.7842,0.0,8.14,0.0,0.538,5.99,81.7,4.2579,4.0,307.0,21.0,386.75,14.67
22.8,0.76162,20.0,3.97,0.0,0.647,5.56,62.8,1.9865,5.0,264.0,13.0,392.4,10.45
23.7,5.70818,0.0,18.1,0.0,0.532,6.75,74.9,3.3317,24.0,666.0,20.2,393.07,7.74
28.4,0.12204,0.0,2.89,0.0,0.445,6.625,57.8,3.4952,2.0,276.0,18.0,357.98,6.65
22.7,5.20177,0.0,18.1,1.0,0.77,6.127,83.4,2.7227,24.0,666.0,20.2,395.43,11.48
22.6,0.13642,0.0,10.59,0.0,0.489,5.891,22.3,3.9454,4.0,277.0,18.6,396.9,10.87
23.2,5.29305,0.0,18.1,0.0,0.7,6.051,82.5,2.1678,24.0,666.0,20.2,378.38,18.76
7.2,16.8118,0.0,18.1,0.0,0.7,5.277,98.1,1.4261,24.0,666.0,20.2,396.9,30.81
15.3,1.12658,0.0,19.58,1.0,0.871,5.012,88.0,1.6102,5.0,403.0,14.7,343.28,12.12
16.1,6.44405,0.0,18.1,0.0,0.584,6.425,74.8,2.2004,24.0,666.0,20.2,97.95,12.03
50.0,8.26725,0.0,18.1,1.0,0.668,5.875,89.6,1.1296,24.0,666.0,20.2,347.88,8.88
16.1,5.09017,0.0,18.1,0.0,0.713,6.297,91.8,2.3682,24.0,666.0,20.2,385.09,17.27
18.6,0.07244,60.0,1.69,0.0,0.411,5.884,18.5,10.7103,4.0,411.0,18.3,392.33,7.79
13.3,0.2498,0.0,21.89,0.0,0.624,5.857,98.2,1.6686,4.0,437.0,21.2,392.04,21.32
14.6,10.233,0.0,18.1,0.0,0.614,6.185,96.7,2.1705,24.0,666.0,20.2,379.7,18.03
19.6,0.10328,25.0,5.13,0.0,0.453,5.927,47.2,6.932,8.0,284.0,19.7,396.9,9.22
21.2,0.23912,0.0,9.69,0.0,0.585,6.019,65.3,2.4091,6.0,391.0,19.2,396.9,12.92
19.4,0.26169,0.0,9.9,0.0,0.544,6.023,90.4,2.834,4.0,304.0,18.4,396.3,11.72
50.0,0.01501,90.0,1.21,1.0,0.401,7.923,24.8,5.885,1.0,198.0,13.6,395.52,3.16
32.9,0.01778,95.0,1.47,0.0,0.403,7.135,13.9,7.6534,3.0,402.0,17.0,384.3,4.45
20.6,0.04527,0.0,11.93,0.0,0.573,6.12,76.7,2.2875,1.0,273.0,21.0,396.9,9.08
29.1,0.07978,40.0,6.41,0.0,0.447,6.482,32.1,4.1403,4.0,254.0,17.6,396.9,7.19
13.1,2.44668,0.0,19.58,0.0,0.871,5.272,94.0,1.7364,5.0,403.0,14.7,88.63,16.14
10.2,12.2472,0.0,18.1,0.0,0.584,5.837,59.7,1.9976,24.0,666.0,20.2,24.65,15.69
11.5,8.15174,0.0,18.1,0.0,0.7,5.39,98.9,1.7281,24.0,666.0,20.2,396.9,20.85
14.4,1.62864,0.0,21.89,0.0,0.624,5.019,100.0,1.4394,4.0,437.0,21.2,396.9,34.41
50.0,2.01019,0.0,19.58,0.0,0.605,7.929,96.2,2.0459,5.0,403.0,14.7,369.3,3.7
12.6,9.92485,0.0,18.1,0.0,0.74,6.251,96.6,2.198,24.0,666.0,20.2,388.52,16.44
22.2,0.11027,25.0,5.13,0.0,0.453,6.456,67.8,7.2255,8.0,284.0,19.7,396.9,6.73
32.5,0.10008,0.0,2.46,0.0,0.488,6.563,95.6,2.847,3.0,193.0,17.8,396.9,5.68
20.8,3.67822,0.0,18.1,0.0,0.77,5.362,96.2,2.1036,24.0,666.0,20.2,380.79,10.19
25.2,0.16211,20.0,6.96,0.0,0.464,6.24,16.3,4.429,3.0,223.0,18.6,396.9,6.59
14.5,0.98843,0.0,8.14,0.0,0.538,5.813,100.0,4.0952,4.0,307.0,21.0,394.54,19.88
15.0,19.6091,0.0,18.1,0.0,0.671,7.313,97.9,1.3163,24.0,666.0,20.2,396.9,13.44
29.6,0.06047,0.0,2.46,0.0,0.488,6.153,68.8,3.2797,3.0,193.0,17.8,387.11,13.15
44.0,0.01538,90.0,3.75,0.0,0.394,7.454,34.2,6.3361,3.0,244.0,15.9,386.34,3.11
7.2,14.2362,0.0,18.1,0.0,0.693,6.343,100.0,1.5741,24.0,666.0,20.2,396.9,20.32
32.2,0.00906,90.0,2.97,0.0,0.4,7.088,20.8,7.3073,1.0,285.0,15.3,394.72,7.85
36.4,0.08664,45.0,3.44,0.0,0.437,7.178,26.3,6.4798,5.0,398.0,15.2,390.49,2.87
19.1,15.5757,0.0,18.1,0.0,0.58,5.926,71.0,2.9084,24.0,666.0,20.2,368.74,18.13
23.2,0.07022,0.0,4.05,0.0,0.51,6.02,47.2,3.5549,5.0,296.0,16.6,393.23,10.11
15.0,0.22489,12.5,7.87,0.0,0.524,6.377,94.3,6.3467,5.0,311.0,15.2,392.52,20.45
50.0,0.01381,80.0,0.46,0.0,0.422,7.875,32.0,5.6484,4.0,255.0,14.4,394.23,2.97
25.0,0.1265,25.0,5.13,0.0,0.453,6.762,43.4,7.9809,8.0,284.0,19.7,395.58,9.5
20.0,0.18836,0.0,6.91,0.0,0.448,5.786,33.3,5.1004,3.0,233.0,17.9,396.9,14.15
8.4,11.8123,0.0,18.1,0.0,0.718,6.824,76.5,1.794,24.0,666.0,20.2,48.45,22.74
20.0,0.09744,0.0,5.96,0.0,0.499,5.841,61.4,3.3779,5.0,279.0,19.2,377.56,11.41
33.1,0.06127,40.0,6.41,1.0,0.447,6.826,27.6,4.8628,4.0,254.0,17.6,393.45,4.16
19.4,0.21977,0.0,6.91,0.0,0.448,5.602,62.0,6.0877,3.0,233.0,17.9,396.9,16.2
34.7,0.02729,0.0,7.07,0.0,0.469,7.185,61.1,4.9671,2.0,242.0,17.8,392.83,4.03
23.8,1.80028,0.0,19.58,0.0,0.605,5.877,79.2,2.4259,5.0,403.0,14.7,227.61,12.14
10.2,14.3337,0.0,18.1,0.0,0.7,4.88,100.0,1.5895,24.0,666.0,20.2,372.92,30.62
13.3,6.39312,0.0,18.1,0.0,0.584,6.162,97.4,2.206,24.0,666.0,20.2,302.76,24.1
18.5,0.28392,0.0,7.38,0.0,0.493,5.708,74.3,4.7211,5.0,287.0,19.6,391.13,11.74
12.7,4.66883,0.0,18.1,0.0,0.713,5.976,87.9,2.5806,24.0,666.0,20.2,10.48,19.01
19.8,0.04544,0.0,3.24,0.0,0.46,6.144,32.2,5.8736,4.0,430.0,16.9,368.57,9.09
20.4,0.62976,0.0,8.14,0.0,0.538,5.949,61.8,4.7075,4.0,307.0,21.0,396.9,8.26
19.5,0.1712,0.0,8.56,0.0,0.52,5.836,91.9,2.211,5.0,384.0,20.9,395.67,18.66
19.1,5.69175,0.0,18.1,0.0,0.583,6.114,79.8,3.5459,24.0,666.0,20.2,392.68,14.98
24.2,0.08826,0.0,10.81,0.0,0.413,6.417,6.6,5.2873,4.0,305.0,19.2,383.73,6.72
13.9,15.288,0.0,18.1,0.0,0.671,6.649,93.3,1.3449,24.0,666.0,20.2,363.02,23.24
50.0,0.02009,95.0,2.68,0.0,0.4161,8.034,31.9,5.118,4.0,224.0,14.7,390.55,2.88
19.9,3.83684,0.0,18.1,0.0,0.77,6.251,91.1,2.2955,24.0,666.0,20.2,350.65,14.19
23.3,1.42502,0.0,19.58,0.0,0.871,6.51,100.0,1.7659,5.0,403.0,14.7,364.31,7.39
20.6,2.37857,0.0,18.1,0.0,0.583,5.871,41.9,3.724,24.0,666.0,20.2,370.73,13.34
18.1,0.55778,0.0,21.89,0.0,0.624,6.335,98.2,2.1107,4.0,437.0,21.2,394.67,16.96
41.7,0.57529,0.0,6.2,0.0,0.507,8.337,73.3,3.8384,8.0,307.0,17.4,385.91,2.47
27.0,1.27346,0.0,19.58,1.0,0.605,6.25,92.6,1.7984,5.0,403.0,14.7,338.92,5.5
15.2,1.23247,0.0,8.14,0.0,0.538,6.142,91.7,3.9769,4.0,307.0,21.0,396.9,18.72
24.6,0.19186,0.0,7.38,0.0,0.493,6.431,14.7,5.4159,5.0,287.0,19.6,393.68,5.08
28.0,0.04113,25.0,4.86,0.0,0.426,6.727,33.5,5.4007,4.0,281.0,19.0,396.9,5.29
30.8,0.02763,75.0,2.95,0.0,0.428,6.595,21.8,5.4011,3.0,252.0,18.3,395.63,4.32
24.1,0.07896,0.0,12.83,0.0,0.437,6.273,6.0,4.2515,5.0,398.0,18.7,394.92,6.78
18.9,0.11747,12.5,7.87,0.0,0.524,6.009,82.9,6.2267,5.0,311.0,15.2,396.9,13.27
13.3,9.82349,0.0,18.1,0.0,0.671,6.794,98.8,1.358,24.0,666.0,20.2,396.9,21.24
14.9,9.51363,0.0,18.1,0.0,0.713,6.728,94.1,2.4961,24.0,666.0,20.2,6.68,18.71
8.3,15.8603,0.0,18.1,0.0,0.679,5.896,95.4,1.9096,24.0,666.0,20.2,7.68,24.39
34.9,0.0315,95.0,1.47,0.0,0.403,6.975,15.3,7.6534,3.0,402.0,17.0,396.9,4.56
21.0,0.08014,0.0,5.96,0.0,0.499,5.85,41.5,3.9342,5.0,279.0,19.2,396.9,8.77
11.7,13.9134,0.0,18.1,0.0,0.713,6.208,95.0,2.2222,24.0,666.0,20.2,100.63,15.17
50.0,9.2323,0.0,18.1,0.0,0.631,6.216,100.0,1.1691,24.0,666.0,20.2,366.15,9.53
23.1,0.0187,85.0,4.15,0.0,0.429,6.516,27.7,8.5353,4.0,351.0,17.9,392.43,6.36
21.2,3.67367,0.0,18.1,0.0,0.583,6.312,51.9,3.9917,24.0,666.0,20.2,388.62,10.58
50.0,1.46336,0.0,19.58,0.0,0.605,7.489,90.8,1.9709,5.0,403.0,14.7,374.43,1.73
15.6,3.53501,0.0,19.58,1.0,0.871,6.152,82.6,1.7455,5.0,403.0,14.7,88.01,15.02
37.2,0.0578,0.0,2.46,0.0,0.488,6.98,58.4,2.829,3.0,193.0,17.8,396.9,5.04
31.0,0.82526,20.0,3.97,0.0,0.647,7.327,94.5,2.0788,5.0,264.0,13.0,393.42,11.25
18.8,0.12329,0.0,10.01,0.0,0.547,5.913,92.9,2.3534,6.0,432.0,17.8,394.95,16.21
27.5,0.62356,0.0,6.2,1.0,0.507,6.879,77.7,3.2721,8.0,307.0,17.4,390.39,9.93
33.2,0.0686,0.0,2.89,0.0,0.445,7.416,62.5,3.4952,2.0,276.0,18.0,396.9,6.19
32.4,0.05644,40.0,6.41,1.0,0.447,6.758,32.9,4.0776,4.0,254.0,17.6,396.9,3.53
20.6,4.83567,0.0,18.1,0.0,0.583,5.905,53.2,3.1523,24.0,666.0,20.2,388.22,11.45
39.8,0.06588,0.0,2.46,0.0,0.488,7.765,83.3,2.741,3.0,193.0,17.8,395.56,7.56
19.7,0.08873,21.0,5.64,0.0,0.439,5.963,45.7,6.8147,4.0,243.0,16.8,395.56,13.45
23.9,0.04462,25.0,4.86,0.0,0.426,6.619,70.4,5.4007,4.0,281.0,19.0,395.63,7.22
23.9,0.02543,55.0,3.78,0.0,0.484,6.696,56.4,5.7321,5.0,370.0,17.6,396.9,7.18
17.1,0.35233,0.0,21.89,0.0,0.624,6.454,98.4,1.8498,4.0,437.0,21.2,394.08,14.59
17.5,0.03113,0.0,4.39,0.0,0.442,6.014,48.5,8.0136,3.0,352.0,18.8,385.64,10.53
22.3,0.0459,52.5,5.32,0.0,0.405,6.315,45.6,7.3172,6.0,293.0,16.6,396.9,7.6
22.0,0.05789,12.5,6.07,0.0,0.409,5.878,21.4,6.498,4.0,345.0,18.9,396.21,8.1
23.4,0.04981,21.0,5.64,0.0,0.439,5.998,21.4,6.8147,4.0,243.0,16.8,396.9,8.43
37.9,0.09103,0.0,2.46,0.0,0.488,7.155,92.2,2.7006,3.0,193.0,17.8,394.12,4.82
20.3,0.3494,0.0,9.9,0.0,0.544,5.972,76.7,3.1025,4.0,304.0,18.4,396.24,9.97
10.9,37.6619,0.0,18.1,0.0,0.679,6.202,78.7,1.8629,24.0,666.0,20.2,18.82,14.52
23.1,0.18159,0.0,7.38,0.0,0.493,6.376,54.3,4.5404,5.0,287.0,19.6,396.9,6.87
12.1,9.59571,0.0,18.1,0.0,0.693,6.404,100.0,1.639,24.0,666.0,20.2,376.11,20.31
23.6,0.0566,0.0,3.41,0.0,0.489,7.007,86.3,3.4217,2.0,270.0,17.8,396.9,5.5
19.4,0.04379,80.0,3.37,0.0,0.398,5.787,31.1,6.6115,4.0,337.0,16.1,396.9,10.24
22.4,0.21719,0.0,10.59,1.0,0.489,5.807,53.8,3.6526,4.0,277.0,18.6,390.94,16.03
24.5,0.16439,22.0,5.86,0.0,0.431,6.433,49.1,7.8265,7.0,330.0,19.1,374.71,9.52
13.4,6.71772,0.0,18.1,0.0,0.713,6.749,92.6,2.3236,24.0,666.0,20.2,0.32,17.44
19.9,0.62739,0.0,8.14,0.0,0.538,5.834,56.5,4.4986,4.0,307.0,21.0,395.62,8.47
25.0,5.73116,0.0,18.1,0.0,0.532,7.061,77.0,3.4106,24.0,666.0,20.2,395.28,7.01
23.7,0.28955,0.0,10.59,0.0,0.489,5.412,9.8,3.5875,4.0,277.0,18.6,348.93,29.55
18.7,0.22212,0.0,10.01,0.0,0.547,6.092,95.4,2.548,6.0,432.0,17.8,396.9,17.09
32.0,0.09604,40.0,6.41,0.0,0.447,6.854,42.8,4.2673,4.0,254.0,17.6,396.9,2.98
23.8,0.3692,0.0,9.9,0.0,0.544,6.567,87.3,3.6023,4.0,304.0,18.4,395.69,9.28
32.0,0.07875,45.0,3.44,0.0,0.437,6.782,41.1,3.7886,5.0,398.0,15.2,393.87,6.68
18.6,0.22876,0.0,8.56,0.0,0.52,6.405,85.4,2.7147,5.0,384.0,20.9,70.8,10.63
16.6,0.22927,0.0,6.91,0.0,0.448,6.03,85.5,5.6894,3.0,233.0,17.9,392.74,18.8
19.6,4.03841,0.0,18.1,0.0,0.532,6.229,90.7,3.0993,24.0,666.0,20.2,395.33,12.87
12.5,5.87205,0.0,18.1,0.0,0.693,6.405,96.0,1.6768,24.0,666.0,20.2,396.9,19.37
12.7,13.3598,0.0,18.1,0.0,0.693,5.887,94.7,1.7821,24.0,666.0,20.2,396.9,16.35
15.1,6.96215,0.0,18.1,0.0,0.7,5.713,97.0,1.9265,24.0,666.0,20.2,394.43,17.11
33.1,0.1,34.0,6.09,0.0,0.433,6.982,17.7,5.4917,7.0,329.0,16.1,390.43,4.86
7.5,10.8342,0.0,18.1,0.0,0.679,6.782,90.8,1.8195,24.0,666.0,20.2,21.57,25.79
20.4,0.13058,0.0,10.01,0.0,0.547,5.872,73.1,2.4775,6.0,432.0,17.8,338.63,15.37
18.4,5.66637,0.0,18.1,0.0,0.74,6.219,100.0,2.0048,24.0,666.0,20.2,395.69,16.59
14.0,0.2909,0.0,21.89,0.0,0.624,6.174,93.6,1.6119,4.0,437.0,21.2,388.08,24.16
17.2,7.40389,0.0,18.1,0.0,0.597,5.617,97.9,1.4547,24.0,666.0,20.2,314.64,26.4
13.4,11.1604,0.0,18.1,0.0,0.74,6.629,94.6,2.1247,24.0,666.0,20.2,109.85,23.27
8.3,24.8017,0.0,18.1,0.0,0.693,5.349,96.0,1.7028,24.0,666.0,20.2,396.9,19.77
6.3,9.91655,0.0,18.1,0.0,0.693,5.852,77.8,1.5004,24.0,666.0,20.2,338.16,29.97
13.6,0.10574,0.0,27.74,0.0,0.609,5.983,98.8,1.8681,4.0,711.0,20.1,390.11,18.07
34.6,0.03768,80.0,1.52,0.0,0.404,7.274,38.3,7.309,2.0,329.0,12.6,392.2,6.62
28.6,0.12932,0.0,13.92,0.0,0.437,6.678,31.1,5.9604,4.0,289.0,16.0,396.9,6.27
14.2,7.02259,0.0,18.1,0.0,0.718,6.006,95.3,1.8746,24.0,666.0,20.2,319.98,15.7
22.4,0.06263,0.0,11.93,0.0,0.573,6.593,69.1,2.4786,1.0,273.0,21.0,391.99,9.67
50.0,6.53876,0.0,18.1,1.0,0.631,7.016,97.5,1.2024,24.0,666.0,20.2,392.05,2.96
18.5,0.19133,22.0,5.86,0.0,0.431,5.605,70.2,7.9549,7.0,330.0,19.1,389.13,18.46
37.0,0.09068,45.0,3.44,0.0,0.437,6.951,21.5,6.4798,5.0,398.0,15.2,377.68,5.1
20.5,0.19657,22.0,5.86,0.0,0.431,6.226,79.2,8.0555,7.0,330.0,19.1,376.14,10.15
24.8,0.04417,70.0,2.24,0.0,0.4,6.871,47.4,7.8278,5.0,358.0,14.8,390.86,6.07
18.8,0.09849,0.0,25.65,0.0,0.581,5.879,95.8,2.0063,2.0,188.0,19.1,379.38,17.58
18.4,0.77299,0.0,8.14,0.0,0.538,6.495,94.4,4.4547,4.0,307.0,21.0,387.94,12.8
24.4,0.1146,20.0,6.96,0.0,0.464,6.538,58.7,3.9175,3.0,223.0,18.6,394.96,7.73
26.6,0.02899,40.0,1.25,0.0,0.429,6.939,34.5,8.7921,1.0,335.0,19.7,389.85,5.89
20.3,0.08387,0.0,12.83,0.0,0.437,5.874,36.6,4.5026,5.0,398.0,18.7,396.06,9.1
35.4,0.03705,20.0,3.33,0.0,0.4429,6.968,37.2,5.2447,5.0,216.0,14.9,392.23,4.59
19.2,0.34006,0.0,21.89,0.0,0.624,6.458,98.9,2.1185,4.0,437.0,21.2,395.04,12.6
